X1,X2,S2,S2_conf
A1,AL1,-0.000387411521951,0.000521924041931
A1,C1,-0.000317161587818,0.000538203070295
A1,CO1,-0.000310736918054,0.000537218633819
A1,CU1,-0.000318409136457,0.000537765701395
A1,D1,-0.000316341516725,0.000537841461067
A1,G1,-0.000324883167286,0.000538761216574
A1,OG1,-0.000316186451681,0.000537615442737
A1,OD1,-0.000312675706021,0.000537895653819
A1,OF1,-0.000315624667998,0.000537784514488
A1,OT1,-0.000317978257748,0.000537034554235
A1,P1,-0.000316400704538,0.000537904789372
A1,PT1,-0.000317579690968,0.000537494638232
A1,S1,-0.000317685471206,0.000537993952564
A1,V1,-0.000313670467933,0.000538203654898
A1,A3,-0.000278228760322,0.000523006020888
A1,AL3,-0.000254070803434,0.000515522607873
A1,C3,-0.000323316495039,0.000538922270383
A1,CO3,-0.00031766246485,0.000538932366873
A1,CU3,-0.000316517962141,0.000537803037465
A1,D3,-0.000316402067381,0.000537841001492
A1,G3,-0.00033683638515,0.000535851266327
A1,OG3,-0.00031605248595,0.000537792921872
A1,OD3,-0.000320126370899,0.000538199297343
A1,OF3,-0.000315170562002,0.000536290800195
A1,OT3,-0.000317305344489,0.000534628053133
A1,P3,-0.000316425737801,0.000537880117074
A1,PT3,-0.000317813432086,0.000537519156403
A1,S3,-0.000318246572315,0.00053782234225
A1,V3,-0.000257844564837,0.000544124528912
A1,SW,-0.00022479107113,0.000522531661966
A1,A2,-0.00031741001871,0.000537678188734
A1,AL2,-0.000318764138481,0.000538724534178
A1,C2,-0.000316499387798,0.000537848353016
A1,CO2,-0.000316940709824,0.000537990408183
A1,CU2,-0.000316388986775,0.000537908933104
A1,D2,-0.000316387717674,0.000537904542088
A1,G2,-0.000317923366331,0.000537708851715
A1,OG2,-0.000316414417232,0.00053789094428
A1,OD2,-0.000316369134262,0.00053790531667
A1,OF2,-0.000316544063611,0.000537891614687
A1,OT2,-0.000316209669486,0.000538000231428
A1,P2,-0.000316396834004,0.000537905079451
A1,PT2,-0.00031641734509,0.000537947239099
A1,S2,-0.000316388712266,0.000537904081983
A1,V2,-0.000317109806855,0.000537831130553
A1,GR,-0.000302731114864,0.000541937780038
A1,EP,-0.000312595126354,0.000539923765961
A2,AL2,5.04250583786006E-05,0.000124191585894
A2,C2,5.22327379503169E-05,0.000124482375508
A2,CO2,5.17970778361146E-05,0.000124575943917
A2,CU2,5.18045862159528E-05,0.000124566128354
A2,D2,5.18074204568323E-05,0.000124562063259
A2,G2,5.19607418225678E-05,0.000124605350389
A2,OG2,5.1462770438831E-05,0.000124662545294
A2,OD2,5.18117454391802E-05,0.000124561711322
A2,OF2,5.17583575048723E-05,0.000124554226402
A2,OT2,5.19570756192217E-05,0.000124338469475
A2,P2,5.18071803863295E-05,0.000124563217547
A2,PT2,5.18141273553263E-05,0.000124570918998
A2,S2,5.17418928309248E-05,0.000124590614704
A2,V2,4.98190068492246E-05,0.000126040358182
A2,GR,6.89946777029313E-05,0.00011983335978
A2,EP,5.48563068831712E-05,0.000122649342033
A3,AL3,0.002780098235448,0.002765107544033
A3,C3,0.00029619942575,0.002747875976366
A3,CO3,0.000283960032545,0.002753468885985
A3,CU3,0.000304803872,0.002747362869929
A3,D3,0.000310863216039,0.002749333888218
A3,G3,0.000345800250216,0.002755654215613
A3,OG3,0.000310295085612,0.002746923087154
A3,OD3,0.000304944016277,0.002745936755044
A3,OF3,0.000329848865538,0.002745008523239
A3,OT3,0.000293817142753,0.002739571084167
A3,P3,0.000281032332736,0.002754724993586
A3,PT3,0.00031132894479,0.002749020280213
A3,S3,0.000304985141789,0.002746986576223
A3,V3,0.000280741861361,0.002769163544081
A3,SW,0.000115869414083,0.002819861106622
A3,A2,0.00030981273706,0.002744745714501
A3,AL2,0.000314281052653,0.002744514322982
A3,C2,0.000307494852526,0.002747086289802
A3,CO2,0.000308409500381,0.00274712422567
A3,CU2,0.000305968541473,0.002747075385127
A3,D2,0.000306007691016,0.002747075841343
A3,G2,0.000303928587101,0.002747658476157
A3,OG2,0.000305613412547,0.00274693995257
A3,OD2,0.000306039023575,0.00274699610856
A3,OF2,0.000306206790669,0.002747038168971
A3,OT2,0.000309751788714,0.002749497194061
A3,P2,0.000306054004261,0.002747098525279
A3,PT2,0.000306138143337,0.002746979529234
A3,S2,0.000309844364252,0.002745804228246
A3,V2,0.000310791409496,0.002749067645656
A3,GR,0.000554902968299,0.002760025588049
A3,EP,0.000313404942134,0.002745752628621
AL1,C1,0.026164191485372,0.013805318893037
AL1,CO1,0.025959422685579,0.013815048738103
AL1,CU1,0.025997677084894,0.013812908060318
AL1,D1,0.026090567897955,0.013819742147785
AL1,G1,0.02585501782095,0.013837422805522
AL1,OG1,0.02616887844476,0.013806800147767
AL1,OD1,0.025983119793511,0.013804168148695
AL1,OF1,0.025953628468195,0.013803737098784
AL1,OT1,0.025923237586445,0.013840646168132
AL1,P1,0.02598741682806,0.013804974711719
AL1,PT1,0.025969661254826,0.013803785228784
AL1,S1,0.025978584519214,0.013804999787469
AL1,V1,0.026199840445152,0.013736114378399
AL1,A3,0.026050448493192,0.013921320286277
AL1,AL3,0.12638528540436,0.018319372457646
AL1,C3,0.026184819848698,0.013813852418453
AL1,CO3,0.025992546041476,0.013863222591466
AL1,CU3,0.025994768324987,0.013795469225867
AL1,D3,0.025991790501945,0.013803576157526
AL1,G3,0.025862353501031,0.013763315255531
AL1,OG3,0.025979162538344,0.013801737614236
AL1,OD3,0.025992390277393,0.013813666195555
AL1,OF3,0.026052415282111,0.013799131150606
AL1,OT3,0.026276686382138,0.013808975812022
AL1,P3,0.025997558196552,0.013805388694677
AL1,PT3,0.025956152713573,0.013789334290867
AL1,S3,0.025990001410915,0.01380039383289
AL1,V3,0.02606472990325,0.014115127110079
AL1,SW,0.033217326161138,0.014223107471538
AL1,A2,0.026003858331088,0.013806766530881
AL1,AL2,0.025942456145738,0.013782686474899
AL1,C2,0.025992188346932,0.013804870488546
AL1,CO2,0.026010435741418,0.0138045323021
AL1,CU2,0.025993942370323,0.013804860081691
AL1,D2,0.025993368504495,0.013804541516986
AL1,G2,0.026003531805631,0.01380473555191
AL1,OG2,0.025995350819414,0.013804735912048
AL1,OD2,0.025993663758976,0.013804925696768
AL1,OF2,0.026225013480332,0.013689617294563
AL1,OT2,0.026011682749253,0.013812482171835
AL1,P2,0.025994772059633,0.013804834188101
AL1,PT2,0.025994706871775,0.013804665018738
AL1,S2,0.025790972308147,0.013857792488211
AL1,V2,0.025937201622715,0.013813613842638
AL1,GR,0.024844862018056,0.013733720285295
AL1,EP,0.025940112809174,0.013767819856325
AL2,C2,-7.64906508517693E-05,0.000574645115849
AL2,CO2,-7.48731602715153E-05,0.000574397648047
AL2,CU2,-7.48729728431294E-05,0.000574419355365
AL2,D2,-7.48041518991337E-05,0.000574426509373
AL2,G2,-7.37091142186312E-05,0.000573942201721
AL2,OG2,-7.48146458924957E-05,0.000574417875116
AL2,OD2,-7.47511926025711E-05,0.000574412198122
AL2,OF2,-7.58124349993795E-05,0.000574612066435
AL2,OT2,-7.57481483381259E-05,0.000574517994247
AL2,P2,-7.4814294657382E-05,0.000574418683372
AL2,PT2,-7.48881156777309E-05,0.000574436594552
AL2,S2,-7.53409647518883E-05,0.000574452801847
AL2,V2,-7.63497085974351E-05,0.000574894854693
AL2,GR,-9.47210231919335E-05,0.000597152464687
AL2,EP,-8.35381520505895E-05,0.000578090443528
AL3,C3,-0.000500569972497,0.018376082935095
AL3,CO3,-0.000589617361204,0.018325076390164
AL3,CU3,-0.000611546975834,0.01840057809935
AL3,D3,-0.000603956673261,0.018373710194153
AL3,G3,-8.10584641045725E-06,0.018418941007132
AL3,OG3,-0.000622690413892,0.018380899254952
AL3,OD3,-0.000581108455332,0.018383621171054
AL3,OF3,-0.000488011068001,0.018394349337522
AL3,OT3,-0.000448607502012,0.018391915575211
AL3,P3,-0.000643134156245,0.01838728596623
AL3,PT3,-0.000610609061118,0.018384524650611
AL3,S3,-0.000608052124001,0.018373032184872
AL3,V3,-0.001438857317034,0.018390236355742
AL3,SW,0.002764407377696,0.019215659000612
AL3,A2,-0.000572814090425,0.018381175893958
AL3,AL2,-0.000347609697249,0.018420898840471
AL3,C2,-0.000551651733186,0.018394579587921
AL3,CO2,-0.000772492607639,0.018400733660262
AL3,CU2,-0.000611609243279,0.018382588819821
AL3,D2,-0.000602059568871,0.018382199137805
AL3,G2,-0.000605167496986,0.018398980793313
AL3,OG2,-0.000611064974449,0.018382513215995
AL3,OD2,-0.000487477187845,0.018345300531024
AL3,OF2,-0.000382998238983,0.018402220155481
AL3,OT2,-0.000595199371806,0.018400361522508
AL3,P2,-0.000562498506196,0.018401478766791
AL3,PT2,-0.000610958844338,0.018383016802791
AL3,S2,-0.000642626253772,0.018386781203612
AL3,V2,-0.000627500720639,0.018380765392481
AL3,GR,0.000973940036042,0.018598678346172
AL3,EP,-0.000498875393264,0.018466125228498
C1,CO1,-0.000347900725692,0.000340985009525
C1,CU1,-0.000349172324961,0.000340810239334
C1,D1,-0.000349765808111,0.000340879543879
C1,G1,-0.000346237458342,0.000341065792704
C1,OG1,-0.000348793255675,0.00034106246513
C1,OD1,-0.000350847678595,0.000341400367136
C1,OF1,-0.000351056455377,0.000340723231631
C1,OT1,-0.000351020633767,0.000340972678339
C1,P1,-0.000349510168196,0.000340960411186
C1,PT1,-0.00034989210853,0.000341118810103
C1,S1,-0.000349055056838,0.000340858596402
C1,V1,-0.000346918421162,0.000347027556856
C1,A3,-0.000366281258616,0.000346481786676
C1,AL3,-0.000334531132905,0.000349490215201
C1,C3,-0.000328182111863,0.000341021261407
C1,CO3,-0.000345274888799,0.000340705444135
C1,CU3,-0.000349940082353,0.000340899160006
C1,D3,-0.000349336098931,0.00034097260115
C1,G3,-0.000347096452474,0.000341337441907
C1,OG3,-0.000350577690322,0.000341143027583
C1,OD3,-0.000348287522429,0.000341203958586
C1,OF3,-0.000348395431833,0.000340449096467
C1,OT3,-0.000350570845684,0.000339168407822
C1,P3,-0.000350183067688,0.000340860380579
C1,PT3,-0.000349441576073,0.000340970204979
C1,S3,-0.000349801711433,0.000340835314833
C1,V3,-0.000374558795119,0.000341384023934
C1,SW,-0.000297117114996,0.000329579808238
C1,A2,-0.000349876865438,0.000341065400659
C1,AL2,-0.000352759591334,0.000340689369661
C1,C2,-0.000349927922596,0.000340884998134
C1,CO2,-0.000349774145145,0.000340883627664
C1,CU2,-0.00034981659237,0.000340876370837
C1,D2,-0.000349808580214,0.000340879263625
C1,G2,-0.00034968443145,0.000340823214882
C1,OG2,-0.000349817599989,0.000340877954903
C1,OD2,-0.000349811905178,0.000340884112739
C1,OF2,-0.00034999031549,0.000340865108015
C1,OT2,-0.000348927670476,0.00034118502752
C1,P2,-0.000349807592734,0.000340879923935
C1,PT2,-0.000349821759985,0.00034088141053
C1,S2,-0.000349751566783,0.00034087301345
C1,V2,-0.000349000760439,0.000340993195159
C1,GR,-0.000355727463701,0.000344001483623
C1,EP,-0.000346460099559,0.000340933503836
C2,CO2,9.77381275553923E-05,0.000143584532773
C2,CU2,9.77410634240978E-05,0.000143582028224
C2,D2,9.77387239797737E-05,0.000143581376062
C2,G2,9.76527763440465E-05,0.000143524849516
C2,OG2,9.77485386185891E-05,0.000143585804987
C2,OD2,9.7739415852158E-05,0.000143581779001
C2,OF2,9.77320872440879E-05,0.000143578183769
C2,OT2,9.75120254209682E-05,0.000143486089321
C2,P2,9.77247213916242E-05,0.000143576082281
C2,PT2,9.77317464754646E-05,0.000143579592872
C2,S2,9.77883046572002E-05,0.000143581006846
C2,V2,9.75150295449295E-05,0.000143459634535
C2,GR,9.72358519857747E-05,0.000143305817676
C2,EP,9.987578059234E-05,0.000144473797796
C3,CO3,-6.04965417698909E-05,0.000415226250634
C3,CU3,-6.8070978661297E-05,0.000418477659584
C3,D3,-6.76195246724019E-05,0.000418470540328
C3,G3,-6.99530441090141E-05,0.000422161215955
C3,OG3,-6.85568361557827E-05,0.000418988492088
C3,OD3,-6.62992889932936E-05,0.000417320478744
C3,OF3,-6.49740248713336E-05,0.000419535970925
C3,OT3,-6.82295410955942E-05,0.000420422200677
C3,P3,-6.77992485632134E-05,0.000418390147599
C3,PT3,-6.88258212985035E-05,0.00041982534769
C3,S3,-6.7400961421184E-05,0.000418623973902
C3,V3,-0.000102005469415,0.000438905422477
C3,SW,-2.3705825343296E-05,0.000418835176659
C3,A2,-6.78540019181537E-05,0.000418489121854
C3,AL2,-6.87466791129263E-05,0.000418448044068
C3,C2,-6.7390962148686E-05,0.000418509156366
C3,CO2,-6.76481024628935E-05,0.000418498990662
C3,CU2,-6.7683973046599E-05,0.000418468343154
C3,D2,-6.76544445402165E-05,0.000418451709182
C3,G2,-6.70428071980809E-05,0.000418450590635
C3,OG2,-6.76632851358978E-05,0.000418454592785
C3,OD2,-6.76490027639519E-05,0.000418445266097
C3,OF2,-6.78724762527732E-05,0.000418527998602
C3,OT2,-6.84966020647885E-05,0.000419247789683
C3,P2,-6.7703697538464E-05,0.000418472628589
C3,PT2,-6.76703875121592E-05,0.000418447189665
C3,S2,-6.76236495477454E-05,0.000418473469932
C3,V2,-6.78360672594617E-05,0.000418386095483
C3,GR,-8.74599181475005E-05,0.000449984915104
C3,EP,-6.93028897375186E-05,0.000418916101119
CO1,CU1,1.0082279170754E-05,0.000536844868345
CO1,D1,1.54761392962252E-05,0.000536940784944
CO1,G1,1.41766812573776E-06,0.000537198528208
CO1,OG1,1.51224444445371E-05,0.000536688340895
CO1,OD1,1.43599365400292E-05,0.000538143601955
CO1,OF1,1.05806359865281E-05,0.000536033722121
CO1,OT1,2.6416844405019E-05,0.000537463126005
CO1,P1,1.20100078216142E-05,0.00053595841404
CO1,PT1,1.55883144029822E-05,0.000537246350397
CO1,S1,1.64496436143744E-05,0.000536998125704
CO1,V1,-5.33095288175745E-06,0.000533252730308
CO1,A3,1.42926550350353E-05,0.000536720851802
CO1,AL3,0.000340877369891,0.000580477537806
CO1,C3,1.18507792807505E-05,0.000537285393223
CO1,CO3,0.000208570115683,0.00053813869762
CO1,CU3,1.4859182183964E-05,0.000536683682224
CO1,D3,1.21672847808737E-05,0.000535930203507
CO1,G3,1.56329077105926E-05,0.000544664799868
CO1,OG3,1.50454311512527E-05,0.000537469614113
CO1,OD3,1.34058520471157E-05,0.00053643246586
CO1,OF3,1.45054440330057E-05,0.000534438790467
CO1,OT3,2.38834323262864E-05,0.0005364670415
CO1,P3,1.3301416272608E-05,0.000536641082689
CO1,PT3,1.46616157793222E-05,0.000536703036131
CO1,S3,1.5039378423395E-05,0.000537071866899
CO1,V3,-1.67311822418664E-05,0.000530752354682
CO1,SW,4.09599959401777E-06,0.000546333321966
CO1,A2,1.40053297111377E-05,0.000536924469601
CO1,AL2,1.66861255392737E-05,0.000537740013185
CO1,C2,1.45210771130661E-05,0.000536832424125
CO1,CO2,1.41553007068189E-05,0.000536622771566
CO1,CU2,1.42959679721445E-05,0.000536752668236
CO1,D2,1.43020658726268E-05,0.000536762721665
CO1,G2,1.44494158474329E-05,0.000536704064258
CO1,OG2,1.62504286225765E-05,0.000537135580157
CO1,OD2,1.42635825196865E-05,0.00053675582105
CO1,OF2,1.65975339695419E-05,0.000537821938111
CO1,OT2,1.13989790503382E-05,0.000535806393922
CO1,P2,1.42938325631047E-05,0.000536758753826
CO1,PT2,1.43072278137238E-05,0.00053676614371
CO1,S2,2.04794870480539E-05,0.000538388613593
CO1,V2,1.22622836627668E-05,0.000536658483983
CO1,GR,6.5796462876716E-05,0.00054302330785
CO1,EP,2.07491814286409E-05,0.000535686410757
CO2,CU2,0.000120275930851,0.000125565659619
CO2,D2,0.000120267694203,0.000125558724447
CO2,G2,0.000120313586285,0.000125554606618
CO2,OG2,0.000120335350979,0.000125570341079
CO2,OD2,0.000120280770851,0.000125566267933
CO2,OF2,0.000120287792665,0.00012556774601
CO2,OT2,0.000120739682565,0.000125969205212
CO2,P2,0.000120281104446,0.000125572423215
CO2,PT2,0.000120261730254,0.000125548789834
CO2,S2,0.000120134277238,0.000125615372723
CO2,V2,0.000121727690306,0.000126816652227
CO2,GR,0.000142817306093,0.000149366746689
CO2,EP,0.000114766316843,0.000121250180798
CO3,CU3,-0.000151900565726,0.000620256243533
CO3,D3,-0.000149891907864,0.000620579657729
CO3,G3,-0.000141271173371,0.000620518044949
CO3,OG3,-0.000149480894942,0.000620501629302
CO3,OD3,-0.000151250979219,0.000620699230376
CO3,OF3,-0.000147442997408,0.000620012695495
CO3,OT3,-0.000149627654234,0.000619736226971
CO3,P3,-0.000142071519014,0.000621378030147
CO3,PT3,-0.000149489195983,0.000620955572133
CO3,S3,-0.000149766480344,0.000620714957675
CO3,V3,-0.000158975647776,0.000617768212219
CO3,SW,-0.000119052456515,0.000617363749484
CO3,A2,-0.000148286210044,0.000620369689209
CO3,AL2,-0.000159445030259,0.000621184418203
CO3,C2,-0.000149234001478,0.000620732261823
CO3,CO2,-0.000154334337357,0.000620747490946
CO3,CU2,-0.000149672169447,0.000620697822024
CO3,D2,-0.000149727248577,0.000620722484681
CO3,G2,-0.000150308636086,0.000620550522993
CO3,OG2,-0.000148544853121,0.000620122316727
CO3,OD2,-0.000149269516159,0.000620691496169
CO3,OF2,-0.000147244202387,0.00062049780726
CO3,OT2,-0.000149957573167,0.00062028236857
CO3,P2,-0.000149722783235,0.000620684391361
CO3,PT2,-0.000149730721372,0.000620711063635
CO3,S2,-0.000146086475446,0.00061971765657
CO3,V2,-0.00014951731237,0.000620733413385
CO3,GR,-6.56520421713838E-05,0.000605555647772
CO3,EP,-0.000145790830298,0.000623845355062
CU1,D1,4.55023755350068E-05,0.000143383107379
CU1,G1,4.58157262507573E-05,0.000143058099488
CU1,OG1,4.56235938253321E-05,0.000143527992412
CU1,OD1,4.56275784927556E-05,0.000143531424009
CU1,OF1,4.51645477219235E-05,0.000143372850669
CU1,OT1,4.55568128957203E-05,0.000143382341336
CU1,P1,4.54368508621144E-05,0.000143326800342
CU1,PT1,4.56777237895254E-05,0.000143398543901
CU1,S1,4.62067900152336E-05,0.000143390325847
CU1,V1,4.54200193955798E-05,0.000146928532585
CU1,A3,4.57346703525716E-05,0.000143249910952
CU1,AL3,4.87910642721356E-05,0.000160284508056
CU1,C3,4.54627985057608E-05,0.000143460494824
CU1,CO3,4.45994969513296E-05,0.000142908084083
CU1,CU3,4.58791000503963E-05,0.000143362755156
CU1,D3,4.54187693092244E-05,0.000143228796297
CU1,G3,4.5456841820661E-05,0.000143526594237
CU1,OG3,4.56729823125234E-05,0.000143473394293
CU1,OD3,4.56308913714243E-05,0.00014342778337
CU1,OF3,4.58149524426474E-05,0.000143265378322
CU1,OT3,4.55716743658318E-05,0.000142885038285
CU1,P3,4.49622044374967E-05,0.000143491451451
CU1,PT3,4.55808965283478E-05,0.000143386276273
CU1,S3,4.56799878049333E-05,0.000143409153328
CU1,V3,4.36016379875837E-05,0.000140799589833
CU1,SW,3.76729597316647E-05,0.000143019316587
CU1,A2,4.54844714045887E-05,0.00014333042688
CU1,AL2,4.49180467408535E-05,0.000143467696269
CU1,C2,4.53810485434732E-05,0.000143442317027
CU1,CO2,4.48909805036403E-05,0.000143384096098
CU1,CU2,4.563348938488E-05,0.000143379975194
CU1,D2,4.56006715329315E-05,0.000143393560808
CU1,G2,4.56460916377054E-05,0.000143336002896
CU1,OG2,4.6199254399711E-05,0.000143343581938
CU1,OD2,4.56368923808012E-05,0.000143376846729
CU1,OF2,4.48385004381758E-05,0.00014316709347
CU1,OT2,4.53617760471741E-05,0.000143213761416
CU1,P2,4.56619189266187E-05,0.000143376687325
CU1,PT2,4.56393191526024E-05,0.000143386831228
CU1,S2,4.57837091805129E-05,0.000143319764624
CU1,V2,4.52159464112414E-05,0.000143185116157
CU1,GR,4.17372332234545E-05,0.000142281516874
CU1,EP,4.58185472243679E-05,0.000143576112694
CU2,D2,5.04288862047565E-05,8.37671153914174E-05
CU2,G2,5.04288662888564E-05,8.37663117131091E-05
CU2,OG2,5.04286050598074E-05,8.3767139401251E-05
CU2,OD2,5.04286933150382E-05,8.37670883027097E-05
CU2,OF2,5.04123451469876E-05,8.37603461499156E-05
CU2,OT2,5.04279054182772E-05,8.37657242391866E-05
CU2,P2,5.04299209891718E-05,8.37669882971011E-05
CU2,PT2,5.04293441703674E-05,8.37670320227701E-05
CU2,S2,5.04311307013415E-05,8.37663495191139E-05
CU2,V2,5.042509989901E-05,8.37653804520953E-05
CU2,GR,5.04704461423422E-05,8.37608549438859E-05
CU2,EP,5.0428654378379E-05,8.37685186645618E-05
CU3,D3,4.7295323681436E-05,0.00014688117143
CU3,G3,4.67146108575742E-05,0.000146259288048
CU3,OG3,4.75775105670084E-05,0.000146757420696
CU3,OD3,4.76346967811404E-05,0.000146901229751
CU3,OF3,4.72555324285668E-05,0.000146911236242
CU3,OT3,4.57700733008032E-05,0.000147233110839
CU3,P3,4.79883065327381E-05,0.000146689066098
CU3,PT3,4.74809015561715E-05,0.000146877047219
CU3,S3,4.70777693052301E-05,0.000146843149394
CU3,V3,4.71828258667428E-05,0.000151574992025
CU3,SW,-4.94048444882357E-05,0.000240394079414
CU3,A2,4.73055212852901E-05,0.000146824446165
CU3,AL2,4.76141805712393E-05,0.000146890614041
CU3,C2,4.72972507857858E-05,0.000146801767904
CU3,CO2,4.81006117934253E-05,0.000146952741962
CU3,CU2,4.72882202061126E-05,0.000146809596024
CU3,D2,4.72913204403721E-05,0.000146808085295
CU3,G2,4.7252030122265E-05,0.000146798198156
CU3,OG2,4.7767287654454E-05,0.000146680003362
CU3,OD2,4.70507945535214E-05,0.000146813614439
CU3,OF2,4.79978251975312E-05,0.000147070475686
CU3,OT2,4.72846408043777E-05,0.000146832449166
CU3,P2,4.73527972485545E-05,0.000146817199768
CU3,PT2,4.72933077961415E-05,0.000146808790669
CU3,S2,4.73671366282264E-05,0.000146792702386
CU3,V2,4.75080398985862E-05,0.000146794240452
CU3,GR,5.94042471539005E-05,0.00015150921843
CU3,EP,4.91898955905123E-05,0.000146390965443
D1,G1,0.000336126658812,0.000374518685642
D1,OG1,0.000336102801662,0.000374496976896
D1,OD1,0.000337081842418,0.000374720682588
D1,OF1,0.000336275627256,0.000374505845052
D1,OT1,0.000339878847761,0.000375469914903
D1,P1,0.000336225390173,0.000374510211095
D1,PT1,0.000336001509751,0.00037447584179
D1,S1,0.000336311022335,0.00037454798862
D1,V1,0.000327022690064,0.000372751752747
D1,A3,0.000335885941642,0.000374678809489
D1,AL3,0.000393766531531,0.000405253822311
D1,C3,0.000335987538084,0.000374484449779
D1,CO3,0.000333268251911,0.000373799942877
D1,CU3,0.000336348959753,0.000374550268911
D1,D3,0.000336226366583,0.000374496502002
D1,G3,0.000336611143347,0.000374530022227
D1,OG3,0.000335483412923,0.000374322213779
D1,OD3,0.000335915073644,0.000374432955805
D1,OF3,0.000336242161885,0.000374510605127
D1,OT3,0.000337913687802,0.00037494365263
D1,P3,0.000336112300423,0.000374489756604
D1,PT3,0.000336014435645,0.000374472429977
D1,S3,0.000336093967665,0.000374458260493
D1,V3,0.000327981696511,0.000372463403458
D1,SW,0.000335893354588,0.000375144779183
D1,A2,0.000336131481737,0.000374490687372
D1,AL2,0.000336262457858,0.000374496653526
D1,C2,0.000336130181375,0.000374490897823
D1,CO2,0.00033615668071,0.000374489156513
D1,CU2,0.000336136774932,0.000374491311745
D1,D2,0.000336135063931,0.000374490586474
D1,G2,0.000336132784008,0.000374495113577
D1,OG2,0.000336129113287,0.000374488846196
D1,OD2,0.000336141181289,0.000374495449428
D1,OF2,0.000336094374011,0.000374493344966
D1,OT2,0.000336599663358,0.000374608551479
D1,P2,0.000336136714191,0.000374491400577
D1,PT2,0.00033613593625,0.000374490182203
D1,S2,0.000336141481754,0.000374492222711
D1,V2,0.000336188952049,0.000374504563437
D1,GR,0.000311643713751,0.000371543082222
D1,EP,0.00033619099057,0.000374479475609
D2,G2,9.84422070424152E-05,0.000121213306101
D2,OG2,9.8468762444667E-05,0.000121260289507
D2,OD2,9.8462983436671E-05,0.00012125035195
D2,OF2,9.84691335655497E-05,0.000121260699259
D2,OT2,9.87301918613446E-05,0.000121684507839
D2,P2,9.84687318184474E-05,0.000121259889053
D2,PT2,9.84731376886601E-05,0.000121267359709
D2,S2,9.84647451266544E-05,0.000121259758098
D2,V2,9.90443402289456E-05,0.000122210846489
D2,GR,8.31801980793884E-05,9.90202954648121E-05
D2,EP,9.85453035599477E-05,0.000121388370566
D3,G3,4.76426748212468E-05,0.000100671490369
D3,OG3,3.95257378785193E-05,0.000105689055384
D3,OD3,4.07745118663526E-05,0.000106335184002
D3,OF3,4.19306584491789E-05,0.000103629096109
D3,OT3,3.61002570030321E-05,0.000107685491144
D3,P3,3.98500097192684E-05,0.000105498567311
D3,PT3,4.01151966718173E-05,0.000106083656602
D3,S3,3.84501827521924E-05,0.000106077562964
D3,V3,9.33473052081718E-06,0.000111962756307
D3,SW,-4.84314575152807E-05,0.000157674328757
D3,A2,3.8247069874778E-05,0.000106314624214
D3,AL2,3.94880432872188E-05,0.000105386972588
D3,C2,3.98323610638461E-05,0.0001054391718
D3,CO2,3.94829942484324E-05,0.000105137565464
D3,CU2,3.97975309998576E-05,0.000105472575667
D3,D2,3.98119150785058E-05,0.000105455836832
D3,G2,3.95018145915174E-05,0.000105650034117
D3,OG2,3.98190475784864E-05,0.000105475158998
D3,OD2,3.97904812240357E-05,0.000105489001994
D3,OF2,3.98354279878809E-05,0.000105447647625
D3,OT2,3.82274737338008E-05,0.000106845901984
D3,P2,3.98193674372427E-05,0.000105478466377
D3,PT2,3.98553762577714E-05,0.000105391513057
D3,S2,3.97849701108758E-05,0.00010546738821
D3,V2,3.97800189471823E-05,0.000105452913437
D3,GR,6.12130931306534E-05,0.000105683940569
D3,EP,4.32773540598435E-05,0.000104861017447
G1,OG1,0.000306842730222,0.000861047877699
G1,OD1,0.000306804813341,0.000859175452173
G1,OF1,0.000308443375871,0.000860425916225
G1,OT1,0.00030682867153,0.000860818147133
G1,P1,0.000307473180763,0.000860224103836
G1,PT1,0.000306728644311,0.000860291761922
G1,S1,0.000307659109997,0.000860264517778
G1,V1,0.000320646511898,0.000870734304078
G1,A3,0.000342729490314,0.000853593834059
G1,AL3,0.000417233944821,0.000769036316261
G1,C3,0.000313398034502,0.000859194729936
G1,CO3,0.000308416819833,0.00085737819766
G1,CU3,0.000307004613685,0.000860008282498
G1,D3,0.000307455241046,0.000860238821172
G1,G3,0.000571211533918,0.000848037749439
G1,OG3,0.000307420892403,0.000859920203084
G1,OD3,0.000308849644182,0.000860905645895
G1,OF3,0.000309010582699,0.000860198610257
G1,OT3,0.000301072682109,0.00085737224155
G1,P3,0.000312306720357,0.000860726134933
G1,PT3,0.000305167045947,0.000859402113284
G1,S3,0.000308469462372,0.000860346434768
G1,V3,0.000318297723187,0.000845538520888
G1,SW,0.000438203749244,0.000846191704842
G1,A2,0.000308149536923,0.000860477692707
G1,AL2,0.000307360830556,0.000860371015177
G1,C2,0.000307028157616,0.000860254822432
G1,CO2,0.000316147521257,0.000861276850602
G1,CU2,0.00030747969303,0.000860225356139
G1,D2,0.000307474006426,0.000860226990633
G1,G2,0.000306285191919,0.000860437323604
G1,OG2,0.000307517514045,0.000860196692043
G1,OD2,0.000307460471735,0.000860231023747
G1,OF2,0.000307590725774,0.000860171861405
G1,OT2,0.000306497588267,0.000860568937503
G1,P2,0.000307522539911,0.000860227391511
G1,PT2,0.000307193994927,0.000860228267299
G1,S2,0.000307488536787,0.000860225827843
G1,V2,0.000307382543351,0.000859713295243
G1,GR,0.000277339789523,0.000890938460173
G1,EP,0.000309777425027,0.000860030905922
G2,OG2,0.000122088615619,0.000141220055722
G2,OD2,0.000121434893766,0.000141226292071
G2,OF2,0.000121842667903,0.00014118570827
G2,OT2,0.000121320675808,0.00014087514644
G2,P2,0.000121972850629,0.000141229332012
G2,PT2,0.000121950879031,0.000141215028534
G2,S2,0.000122058669598,0.00014121135205
G2,V2,0.000121756797108,0.000141214075816
G2,GR,0.000116828812407,0.000147347331742
G2,EP,0.000123699664755,0.000141059095334
G3,OG3,0.000397604070047,0.001282707826336
G3,OD3,0.00040095579342,0.001282330008383
G3,OF3,0.000394865035376,0.001282628781465
G3,OT3,0.000421896150905,0.001281695583693
G3,P3,0.000407064475054,0.00128166040647
G3,PT3,0.000396179607445,0.001281743399902
G3,S3,0.000397219299727,0.001282936712732
G3,V3,0.000500886228459,0.001284203129887
G3,SW,0.000322421834764,0.001304714235257
G3,A2,0.000398662651173,0.001282730470616
G3,AL2,0.000394031417315,0.001280377485221
G3,C2,0.000399250356182,0.001283362303455
G3,CO2,0.000404877775038,0.001284229854968
G3,CU2,0.00039658887317,0.001282895759613
G3,D2,0.000396609336984,0.001282897121568
G3,G2,0.000396119770514,0.001282338551529
G3,OG2,0.000405449589817,0.001281268179856
G3,OD2,0.000396618203711,0.001282906452401
G3,OF2,0.000393537458674,0.001282291490062
G3,OT2,0.000395898691123,0.001282650605792
G3,P2,0.000396502197109,0.001282918124831
G3,PT2,0.000396201365682,0.001282883864628
G3,S2,0.000392785313091,0.001282375139644
G3,V2,0.000396466185667,0.00128262577851
G3,GR,0.000357387628307,0.001346695921578
G3,EP,0.000394899848485,0.001288147927246
GR,EP,-0.000561425391557,0.006933462547878
OG1,OD1,0.000234593639202,0.000173533255015
OG1,OF1,0.000235501753576,0.00017362944613
OG1,OT1,0.000237420903512,0.00017336945847
OG1,P1,0.000235417469147,0.000173623465485
OG1,PT1,0.000235435286915,0.000173356353368
OG1,S1,0.000234894245735,0.000173551823886
OG1,V1,0.000184169227371,0.000185391854134
OG1,A3,0.000235197400974,0.000174776604805
OG1,AL3,0.000303616194884,0.000263561079248
OG1,C3,0.000236192251828,0.000173766932194
OG1,CO3,0.000233552547417,0.000173418946646
OG1,CU3,0.00023570848772,0.000173700119509
OG1,D3,0.00023542997199,0.000173620368802
OG1,G3,0.000232835969559,0.000172211337134
OG1,OG3,0.000235729990295,0.000173435632584
OG1,OD3,0.000235075650938,0.000173210414566
OG1,OF3,0.00023573053596,0.000173542919724
OG1,OT3,0.000239180460412,0.000174484502652
OG1,P3,0.000234181058419,0.000173520526448
OG1,PT3,0.000236566145562,0.000173626590284
OG1,S3,0.00023542348169,0.000173551985002
OG1,V3,0.000258310822153,0.000190445535794
OG1,SW,0.000245328321906,0.000176853965482
OG1,A2,0.000234885874907,0.000173519586875
OG1,AL2,0.000235913187251,0.000173286724098
OG1,C2,0.000235394509181,0.000173465856653
OG1,CO2,0.000235645346725,0.00017360257018
OG1,CU2,0.000235213897453,0.000173499094917
OG1,D2,0.000235179733359,0.0001735081024
OG1,G2,0.000235550844697,0.000173464941117
OG1,OG2,0.0002352622977,0.000173499174559
OG1,OD2,0.000235966461572,0.000173445506922
OG1,OF2,0.000235912146011,0.00017372563614
OG1,OT2,0.000236147760569,0.000173825098656
OG1,P2,0.00023507847989,0.000173510605792
OG1,PT2,0.000235230938345,0.000173509149261
OG1,S2,0.000236157372019,0.000173409673511
OG1,V2,0.000235537800543,0.000173614294297
OG1,GR,0.000198928909416,0.000179676694744
OG1,EP,0.0002359973629,0.000174282431227
OG2,OD2,8.05042990411059E-05,9.58261500455525E-05
OG2,OF2,8.05999150883356E-05,9.58474881915909E-05
OG2,OT2,8.04688884670356E-05,9.58349491739908E-05
OG2,P2,8.05473697414908E-05,9.58244975206215E-05
OG2,PT2,8.05340799939864E-05,9.58247606834898E-05
OG2,S2,8.04848151207277E-05,9.58332816280719E-05
OG2,V2,8.05478420126761E-05,9.58250922315812E-05
OG2,GR,8.11167876412777E-05,9.56999101507549E-05
OG2,EP,8.05276538711454E-05,9.58181526701138E-05
OG3,OD3,0.00016092000629,0.000285807819895
OG3,OF3,0.000161573001443,0.000286875644186
OG3,OT3,0.000157093056015,0.000281246558507
OG3,P3,0.000161029047697,0.000287294938895
OG3,PT3,0.000160839155298,0.000286409135801
OG3,S3,0.000159565459942,0.000284375906667
OG3,V3,0.000153681923877,0.000281543327463
OG3,SW,0.000161347993519,0.000280913431814
OG3,A2,0.000162017336697,0.000288391751226
OG3,AL2,0.000158099714664,0.000286098151226
OG3,C2,0.000162008935524,0.000287198144898
OG3,CO2,0.000161207969851,0.000287324027413
OG3,CU2,0.000161411431571,0.00028733342686
OG3,D2,0.000161323554054,0.000287323456745
OG3,G2,0.000160262362501,0.000286332101946
OG3,OG2,0.000161729636304,0.000287313574568
OG3,OD2,0.000162483845079,0.000287296772657
OG3,OF2,0.000161034058741,0.00028732450809
OG3,OT2,0.000159500604372,0.000284618730264
OG3,P2,0.000161590267674,0.000287297279243
OG3,PT2,0.000161373126072,0.000287276225467
OG3,S2,0.000161985596766,0.00028727129243
OG3,V2,0.000161742416535,0.000287756259807
OG3,GR,0.000161176126152,0.00028398243456
OG3,EP,0.000168238469452,0.000298112540372
OD1,OF1,4.98932397526404E-05,0.000273270917189
OD1,OT1,4.77473475582892E-05,0.000271319823389
OD1,P1,4.93379374557386E-05,0.000273120229022
OD1,PT1,4.91895130586968E-05,0.000273297642654
OD1,S1,4.90240053494059E-05,0.000273000238097
OD1,V1,4.7831641172745E-05,0.000270463969385
OD1,A3,6.79019784256525E-05,0.00027038693466
OD1,AL3,4.44686887212109E-05,0.00032352158764
OD1,C3,4.89217404793748E-05,0.000273168996952
OD1,CO3,4.53326248330047E-05,0.000272805708443
OD1,CU3,4.91776133858089E-05,0.000273102457316
OD1,D3,4.93808396561178E-05,0.000273091473965
OD1,G3,4.21552879974534E-05,0.000274386194416
OD1,OG3,4.91686351098004E-05,0.000273252401163
OD1,OD3,4.98269935765441E-05,0.000273136766058
OD1,OF3,4.92303230661937E-05,0.000272418227941
OD1,OT3,4.87936701708364E-05,0.000272930517942
OD1,P3,5.01999858100616E-05,0.000273366497747
OD1,PT3,4.92303463695547E-05,0.000272974497909
OD1,S3,4.92513982910987E-05,0.000273292288566
OD1,V3,5.03124978512987E-05,0.0002875942861
OD1,SW,6.38940194569275E-05,0.000273280352132
OD1,A2,4.94615916458252E-05,0.000273080471669
OD1,AL2,4.96872098594861E-05,0.000273254123176
OD1,C2,4.85712264347728E-05,0.000273194638206
OD1,CO2,4.6889079006536E-05,0.000272995557365
OD1,CU2,4.91736687867615E-05,0.000273079366193
OD1,D2,4.92490287283367E-05,0.000273080856472
OD1,G2,5.00088624983699E-05,0.000273043256482
OD1,OG2,4.90301966551498E-05,0.000273062742193
OD1,OD2,4.76800225998729E-05,0.000272941739901
OD1,OF2,4.89078199104736E-05,0.00027317205628
OD1,OT2,4.93022038939163E-05,0.000273192812168
OD1,P2,4.91814604668847E-05,0.000273074277654
OD1,PT2,4.91944018150939E-05,0.000273073080129
OD1,S2,5.12173878116298E-05,0.000273160131907
OD1,V2,4.93684976411948E-05,0.000273083863744
OD1,GR,5.38183130623371E-05,0.00029384747935
OD1,EP,4.92960379307246E-05,0.000273936393536
OD2,OF2,0.000292466430979,0.000324324697422
OD2,OT2,0.000291691270855,0.000323190260476
OD2,P2,0.000292357768605,0.000324287541087
OD2,PT2,0.000292396635505,0.000324343923777
OD2,S2,0.000292361431642,0.000324285552041
OD2,V2,0.000291624264047,0.000323075178595
OD2,GR,0.000279256233449,0.000303671056645
OD2,EP,0.000289755379066,0.00032005604128
OD3,OF3,8.91038027253004E-06,0.000322354481593
OD3,OT3,9.69489312970646E-06,0.000320942292757
OD3,P3,7.86870977016355E-06,0.000321685293089
OD3,PT3,9.08199266079373E-06,0.000321848417699
OD3,S3,9.08453438054893E-06,0.000321712045656
OD3,V3,1.28149501107885E-05,0.000317355124414
OD3,SW,3.40405755694315E-05,0.000315462577021
OD3,A2,8.4593038342902E-06,0.000321646752866
OD3,AL2,1.41440002136637E-05,0.000320398858959
OD3,C2,8.30847450704852E-06,0.000321701180645
OD3,CO2,9.14430095506867E-06,0.000321586163716
OD3,CU2,9.05099729777832E-06,0.000321596291263
OD3,D2,9.20913836177678E-06,0.000321612018037
OD3,G2,9.22367575713683E-06,0.00032153492324
OD3,OG2,9.28792190305317E-06,0.000321644442951
OD3,OD2,8.06025912672854E-06,0.00032178129536
OD3,OF2,1.0958281486752E-05,0.000322174556368
OD3,OT2,9.23305278778712E-06,0.000322010850783
OD3,P2,8.56702856843491E-06,0.000321631382429
OD3,PT2,9.02617119103344E-06,0.000321605816051
OD3,S2,1.0418843570755E-05,0.000321432994871
OD3,V2,9.12631474294636E-06,0.000321713950491
OD3,GR,2.5755973737808E-05,0.000332474899357
OD3,EP,9.86017595493247E-06,0.000320726367418
OF1,OT1,-2.96081368990549E-05,9.00028219001314E-05
OF1,P1,-2.94897065980618E-05,9.04018133243978E-05
OF1,PT1,-2.96272483862161E-05,9.02400081724077E-05
OF1,S1,-2.94918481249394E-05,9.04394601213661E-05
OF1,V1,-2.10915324720395E-05,9.16791381864881E-05
OF1,A3,-3.13108678280972E-05,9.22347685103336E-05
OF1,AL3,1.62469329892945E-05,0.000103423228852
OF1,C3,-2.93050109265141E-05,9.04150287004363E-05
OF1,CO3,-3.13846975332599E-05,9.01960006192309E-05
OF1,CU3,-2.97563359723641E-05,9.03954865066518E-05
OF1,D3,-2.95101145442473E-05,9.04112750782097E-05
OF1,G3,-2.92055333955142E-05,9.06259533711618E-05
OF1,OG3,-2.98910292207564E-05,9.03731700133889E-05
OF1,OD3,-2.97018732999424E-05,9.04997382406505E-05
OF1,OF3,-2.87207874879742E-05,8.98707240398072E-05
OF1,OT3,-3.03963569543139E-05,9.05916147107476E-05
OF1,P3,-2.94379563010563E-05,9.0402277732085E-05
OF1,PT3,-2.85691602656502E-05,9.04438109416432E-05
OF1,S3,-2.97793931818718E-05,9.04198304890152E-05
OF1,V3,-2.90825329770511E-05,9.09235009928597E-05
OF1,SW,-1.78407421109021E-05,8.85763912856584E-05
OF1,A2,-2.9371842826705E-05,9.03984467275495E-05
OF1,AL2,-2.97719324281572E-05,9.05656315595576E-05
OF1,C2,-2.95412013280877E-05,9.04339553503189E-05
OF1,CO2,-2.95376983813781E-05,9.04106777749402E-05
OF1,CU2,-2.94880047305389E-05,9.04018167638561E-05
OF1,D2,-2.94883699073689E-05,9.04021025992134E-05
OF1,G2,-2.96816074502733E-05,9.03603824334733E-05
OF1,OG2,-2.94964522237145E-05,9.03946162094957E-05
OF1,OD2,-2.95043043220115E-05,9.03990651917003E-05
OF1,OF2,-2.95070843631831E-05,9.04114771442279E-05
OF1,OT2,-2.94369423929639E-05,9.04207242021668E-05
OF1,P2,-2.94831790603203E-05,9.04018812764281E-05
OF1,PT2,-2.94697318121958E-05,9.04063270086897E-05
OF1,S2,-2.94903340734789E-05,9.04016846865753E-05
OF1,V2,-2.95836731156951E-05,9.04178033716649E-05
OF1,GR,-2.83332179198542E-05,9.28267570297167E-05
OF1,EP,-2.84101748863848E-05,9.00821220857833E-05
OF2,OT2,-0.00023500218301,0.000845308015394
OF2,P2,-0.000235162628738,0.000845662643594
OF2,PT2,-0.000235155958238,0.000845653227088
OF2,S2,-0.000235205936595,0.000845705546272
OF2,V2,-0.000234947319704,0.000845345416509
OF2,GR,-0.000222937015074,0.00082561459387
OF2,EP,-0.000244011132116,0.000860325951771
OF3,OT3,0.000137841370812,0.0004773992324
OF3,P3,0.000142530569377,0.000484582739008
OF3,PT3,0.000143501160782,0.000483746299208
OF3,S3,0.000140220412839,0.000482857143373
OF3,V3,0.000171321301613,0.000474744394295
OF3,SW,0.000108428961769,0.000465180598667
OF3,A2,0.000141707318905,0.000484261567643
OF3,AL2,0.000137682811966,0.000484781625767
OF3,C2,0.000141643340651,0.000483898082513
OF3,CO2,0.000141056562571,0.000483633934749
OF3,CU2,0.000141275234544,0.000483619807793
OF3,D2,0.000141279342515,0.000483613477645
OF3,G2,0.000141455275609,0.000483692480753
OF3,OG2,0.000140681981682,0.000483614591765
OF3,OD2,0.000141220859052,0.000483618102191
OF3,OF2,0.000141789991142,0.000483504473898
OF3,OT2,0.000143289328272,0.000484584133038
OF3,P2,0.000141273118143,0.000483603207078
OF3,PT2,0.000141354655612,0.000483646024844
OF3,S2,0.000141518012412,0.000483657435158
OF3,V2,0.00014198716105,0.000483951387472
OF3,GR,0.000117875214751,0.000482740725904
OF3,EP,0.000144969915018,0.000487947918301
OT1,P1,-0.000264778750947,0.000833278380357
OT1,PT1,-0.000265489652752,0.000832629078637
OT1,S1,-0.000264138238515,0.000833235658967
OT1,V1,-0.000270557046946,0.000861266818443
OT1,A3,0.000145720805798,0.000831929761198
OT1,AL3,0.000239248770865,0.000991939564295
OT1,C3,-0.000262261675704,0.000830388345196
OT1,CO3,-0.000265621330815,0.000832506451798
OT1,CU3,-0.0002642317592,0.000832912601889
OT1,D3,-0.000264031028347,0.00083341878311
OT1,G3,-0.000256587651124,0.000833398264772
OT1,OG3,-0.000264214619007,0.000833861418172
OT1,OD3,-0.000263959410222,0.000832882499976
OT1,OF3,-0.000269236206658,0.00083077729369
OT1,OT3,-0.00023932941696,0.000834475065719
OT1,P3,-0.00026278916256,0.000833364534418
OT1,PT3,-0.000264161203341,0.000833831919806
OT1,S3,-0.000264595151065,0.000833652154838
OT1,V3,-0.000289681697015,0.000842549011723
OT1,SW,-0.000241977255076,0.000845868766484
OT1,A2,-0.00026366146539,0.000833792673107
OT1,AL2,-0.000264344722981,0.000834263991433
OT1,C2,-0.000265103119769,0.000833247799473
OT1,CO2,-0.000268286688852,0.000831809771224
OT1,CU2,-0.000264249926463,0.000833270048665
OT1,D2,-0.000264456564589,0.000833245759269
OT1,G2,-0.00026371780637,0.000833065680463
OT1,OG2,-0.000264322366913,0.000833256574275
OT1,OD2,-0.000264797183518,0.000833088828202
OT1,OF2,-0.000262250507135,0.000833188532075
OT1,OT2,-0.000263560461482,0.000833138820415
OT1,P2,-0.000264184396179,0.000833282795746
OT1,PT2,-0.000264211490105,0.000833282726541
OT1,S2,-0.000268454019064,0.000833374460211
OT1,V2,-0.00026364795907,0.000833093321349
OT1,GR,-0.000275177285422,0.000874184179104
OT1,EP,-0.000260328820003,0.000832540769665
OT2,P2,7.20089830916426E-05,0.000200987237833
OT2,PT2,7.17752598828651E-05,0.000201055433766
OT2,S2,7.15000471694756E-05,0.00020100298505
OT2,V2,7.19356071314239E-05,0.000201134358567
OT2,GR,7.37867803787401E-05,0.000204813698755
OT2,EP,7.40133378910297E-05,0.000202246333724
OT3,P3,8.20530890355055E-05,0.000718511547266
OT3,PT3,8.34084925150265E-05,0.000717918920112
OT3,S3,8.16802368217109E-05,0.000718261956419
OT3,V3,8.91814483701264E-05,0.000753933043689
OT3,SW,5.04617864480091E-05,0.00075924897033
OT3,A2,8.3372797297159E-05,0.000718365036018
OT3,AL2,8.12371897878206E-05,0.000719958285662
OT3,C2,8.19893673465418E-05,0.000718373583703
OT3,CO2,7.99371790661728E-05,0.000718438166639
OT3,CU2,8.2154544323516E-05,0.000718328648755
OT3,D2,8.24280612056364E-05,0.000718291222747
OT3,G2,8.2460540190845E-05,0.000718567161264
OT3,OG2,8.37699689636901E-05,0.00071840431648
OT3,OD2,8.6894669354281E-05,0.000717937506905
OT3,OF2,7.71525632125802E-05,0.000718604097875
OT3,OT2,8.32558404048558E-05,0.000718281407748
OT3,P2,8.20717178813018E-05,0.000718318448547
OT3,PT2,8.2139714002551E-05,0.000718348023314
OT3,S2,8.13231578430921E-05,0.000718335026872
OT3,V2,8.36211772490466E-05,0.000718270253481
OT3,GR,7.09292051950944E-05,0.000731178882386
OT3,EP,8.42011651911452E-05,0.00071465474626
P1,PT1,1.89735380184963E-19,1.62487620164208E-18
P1,S1,5.6920614055489E-19,1.26655408529084E-18
P1,V1,0,2.77342514492862E-17
P1,A3,4.33680868994202E-19,6.98891031451023E-18
P1,AL3,0,1.75216262143622E-16
P1,C3,-2.43945488809238E-19,1.38209001302253E-18
P1,CO3,2.71050543121376E-19,2.96552514453012E-18
P1,CU3,4.74338450462408E-19,1.37402510314631E-18
P1,D3,2.71050543121376E-20,1.18861300063294E-18
P1,G3,0,3.18692207467395E-18
P1,OG3,9.21571846612679E-19,1.19629086981182E-18
P1,OD3,3.59141969635823E-19,1.6116821016711E-18
P1,OF3,3.21872519956634E-19,1.49173153780992E-18
P1,OT3,1.0842021724855E-19,3.22998160466056E-18
P1,P3,-4.40457132572236E-19,1.2625754114149E-18
P1,PT3,2.40557357020221E-19,1.123591586144E-18
P1,S3,6.03087458445062E-19,1.00387994669828E-18
P1,V3,0,2.91786382828272E-17
P1,SW,0,1.94855190201564E-17
P1,A2,9.48676900924816E-20,1.15938946302433E-18
P1,AL2,5.6920614055489E-19,1.88962422502705E-18
P1,C2,-4.06575814682064E-19,1.51523365794091E-18
P1,CO2,5.01443504774546E-19,1.33058797253306E-18
P1,CU2,8.80914265144472E-20,1.22595187033901E-18
P1,D2,4.47233396150271E-19,1.09565576276551E-18
P1,G2,2.03287907341032E-19,1.16575776249885E-18
P1,OG2,2.03287907341032E-19,1.2792551793354E-18
P1,OD2,2.43945488809238E-19,1.54159635083666E-18
P1,OF2,-2.16840434497101E-19,1.79820742243724E-18
P1,OT2,1.66018457661843E-19,1.08158046871081E-18
P1,P2,-1.35525271560688E-19,1.19200279616162E-18
P1,PT2,5.0821976835258E-19,1.12692773755446E-18
P1,S2,-3.9979955110403E-19,1.22882332225575E-18
P1,V2,6.16639985601131E-19,1.20576127215217E-18
P1,GR,0,3.10545710128138E-17
P1,EP,5.42101086242752E-19,3.98480776604555E-18
P2,PT2,3.83197348773823E-05,0.000114814340826
P2,S2,3.82942218675699E-05,0.000114841969627
P2,V2,3.85949119911697E-05,0.000114486937204
P2,GR,4.16174291528321E-05,0.000112393875039
P2,EP,3.58040924047624E-05,0.000117717406229
P3,PT3,-3.51485612882994E-05,0.000198419105042
P3,S3,-3.50440751501751E-05,0.000198377336513
P3,V3,-3.48699446197781E-05,0.000198138261962
P3,SW,-2.88087515719418E-05,0.000199184652892
P3,A2,-3.50577507867648E-05,0.000198362817988
P3,AL2,-3.55434986485691E-05,0.000198330554143
P3,C2,-3.50814210976462E-05,0.000198375522098
P3,CO2,-3.50919977634776E-05,0.000198370317338
P3,CU2,-3.50853917977189E-05,0.00019837164583
P3,D2,-3.50860757423166E-05,0.000198371260972
P3,G2,-3.50894885277224E-05,0.000198366990715
P3,OG2,-3.50911945301591E-05,0.00019836842298
P3,OD2,-3.50874652390791E-05,0.00019837309002
P3,OF2,-3.50821793172314E-05,0.000198369901897
P3,OT2,-3.51034365740738E-05,0.000198359396842
P3,P2,-3.50989736808133E-05,0.000198370484089
P3,PT2,-3.50805401487059E-05,0.000198369694707
P3,S2,-3.50878129639697E-05,0.000198371156225
P3,V2,-3.50168828759196E-05,0.000198361550045
P3,GR,-3.82154126818621E-05,0.000196901134363
P3,EP,-3.52262709522883E-05,0.000198182061593
PT1,S1,0.000103769643378,0.000277258428175
PT1,V1,7.8814550026618E-05,0.000303185151682
PT1,A3,0.000100029403878,0.000281422338761
PT1,AL3,0.000220144375678,0.000329693769992
PT1,C3,0.000103405167809,0.000277300752575
PT1,CO3,9.90113458650627E-05,0.000279261780665
PT1,CU3,0.000102044337139,0.000277816522098
PT1,D3,0.000102476670516,0.000277832233929
PT1,G3,0.000106203113718,0.000277669016702
PT1,OG3,0.000101493555083,0.000278369424285
PT1,OD3,0.000102816862037,0.000277224049474
PT1,OF3,0.000103349014212,0.000277472786631
PT1,OT3,0.000103025743421,0.000277434288912
PT1,P3,0.000103314551058,0.000277543874954
PT1,PT3,0.000105213569054,0.000277929604056
PT1,S3,0.000102261642821,0.000277692326318
PT1,V3,9.64976548880822E-05,0.000282332537825
PT1,SW,0.000100981313812,0.000283998685281
PT1,A2,0.00010263106506,0.000277626228612
PT1,AL2,0.000102026354363,0.000277135085282
PT1,C2,0.000102444001841,0.000277735315297
PT1,CO2,0.000103315098585,0.000277685456923
PT1,CU2,0.00010232119384,0.000277724178386
PT1,D2,0.000102359778488,0.000277732624585
PT1,G2,0.000102039132414,0.000277795226022
PT1,OG2,0.000103101407055,0.000277700153634
PT1,OD2,0.000102560609779,0.000277704697468
PT1,OF2,0.000102526030888,0.000277662949716
PT1,OT2,0.000102774385642,0.000277837444916
PT1,P2,0.000102243292696,0.000277745714112
PT1,PT2,0.00010231798424,0.000277720138861
PT1,S2,0.000101672850495,0.000277825575261
PT1,V2,0.000102899226352,0.000277667001041
PT1,GR,0.000115324577936,0.000272439244076
PT1,EP,0.000103053122604,0.000277010879276
PT2,S2,4.72348928329174E-05,8.44229200753804E-05
PT2,V2,4.72338930960279E-05,8.44349402549793E-05
PT2,GR,4.73367322136389E-05,8.45246398236935E-05
PT2,EP,4.70752422932645E-05,8.43979150014664E-05
PT3,S3,5.48376392910187E-06,0.00019619975562
PT3,V3,5.83247244161783E-06,0.000209172893042
PT3,SW,3.58483388522533E-05,0.00019856870987
PT3,A2,5.70271282867401E-06,0.000196125939502
PT3,AL2,1.04626237974235E-06,0.000195856784411
PT3,C2,5.36687057918604E-06,0.000196181981029
PT3,CO2,3.6995969910799E-06,0.000196170744239
PT3,CU2,5.35583487194705E-06,0.000196159690847
PT3,D2,5.38997014389122E-06,0.000196146707098
PT3,G2,5.77395901721601E-06,0.000196205126164
PT3,OG2,5.3963206939407E-06,0.000196148955719
PT3,OD2,4.76791939014589E-06,0.000196061052186
PT3,OF2,5.4838646733792E-06,0.000196179423118
PT3,OT2,5.37125234065044E-06,0.000196300272231
PT3,P2,5.53393196990743E-06,0.000196181400184
PT3,PT2,5.35930983678129E-06,0.000196167970802
PT3,S2,4.02877530567039E-06,0.000196549820919
PT3,V2,5.80619439128261E-06,0.000196222818365
PT3,GR,5.92221542426025E-06,0.00019669578638
PT3,EP,5.72676049806421E-06,0.000196560663576
S1,V1,9.52503887743372E-05,0.000169497091632
S1,A3,8.41682749389725E-05,0.000163150574465
S1,AL3,0.000134572244157,0.000204449654115
S1,C3,9.34544527053111E-05,0.000167230828335
S1,CO3,9.29884530170122E-05,0.000167132156691
S1,CU3,9.28409059272313E-05,0.000167577676516
S1,D3,9.31847372539969E-05,0.000167810248229
S1,G3,9.21382272133256E-05,0.00016674306504
S1,OG3,9.3350578012297E-05,0.000167952667329
S1,OD3,9.33018131537109E-05,0.00016793729849
S1,OF3,9.45603036513303E-05,0.00016852450656
S1,OT3,9.46617003438164E-05,0.000168852294069
S1,P3,9.31903732559237E-05,0.000167758640675
S1,PT3,9.27265332943393E-05,0.000167547648241
S1,S3,9.32797348735209E-05,0.000167733892158
S1,V3,6.36465501448052E-05,0.000151284549662
S1,SW,9.90330170597409E-05,0.000171595933615
S1,A2,9.27518898252579E-05,0.000167852898731
S1,AL2,9.28011794996838E-05,0.000167524029815
S1,C2,9.28589476953747E-05,0.000167787774276
S1,CO2,9.31224149436486E-05,0.000167782648859
S1,CU2,9.30979787880018E-05,0.00016778506617
S1,D2,9.30828251156952E-05,0.000167790968682
S1,G2,9.32191966073555E-05,0.000167696816398
S1,OG2,9.32591983281021E-05,0.000167926627853
S1,OD2,9.38997243317492E-05,0.000167587609236
S1,OF2,9.30425392405225E-05,0.000167802790452
S1,OT2,9.34023871896714E-05,0.000167950568527
S1,P2,9.31890321509946E-05,0.00016780009195
S1,PT2,9.30931710572577E-05,0.000167791987188
S1,S2,9.37412149259035E-05,0.000167879710038
S1,V2,9.29682055661039E-05,0.000167970535942
S1,GR,0.000101229085437,0.000175803559508
S1,EP,9.03346798367525E-05,0.000166348428049
S2,V2,2.99300740690028E-05,0.000100186219964
S2,GR,2.99593172766871E-05,0.000100174705468
S2,EP,2.99331143363541E-05,0.000100187498603
S3,V3,1.9489962622507E-05,0.000123392467118
S3,SW,2.85999303584021E-05,0.000128233271725
S3,A2,2.14868328647407E-05,0.000123727227092
S3,AL2,2.21630871272672E-05,0.000123857785608
S3,C2,2.16333867146856E-05,0.000123768688131
S3,CO2,2.05566632123757E-05,0.000123642845192
S3,CU2,2.14488430825376E-05,0.000123769216497
S3,D2,2.14651612782438E-05,0.000123768747957
S3,G2,2.13927844390884E-05,0.000123775506088
S3,OG2,2.09689480488238E-05,0.000123642959237
S3,OD2,2.09341805588989E-05,0.000123810962559
S3,OF2,2.09221333487623E-05,0.00012366537958
S3,OT2,2.17622222456484E-05,0.000123828878471
S3,P2,2.1588511319344E-05,0.000123759003766
S3,PT2,2.1450081942099E-05,0.000123772703891
S3,S2,2.17286164672497E-05,0.000123799586647
S3,V2,2.14645708900525E-05,0.000123793277949
S3,GR,2.70878063809224E-05,0.000128904880756
S3,EP,2.13143742035516E-05,0.000124124529452
SW,A2,0.000892645404434,0.008746948332793
SW,AL2,0.000965682778573,0.00874005004839
SW,C2,0.000896761521663,0.008746187837331
SW,CO2,0.000855785259788,0.00874825454524
SW,CU2,0.000885285958217,0.008748562721967
SW,D2,0.000885796681325,0.008748606078621
SW,G2,0.000898210870865,0.008746541549286
SW,OG2,0.000913543686624,0.008745754663158
SW,OD2,0.000882298384005,0.008748236365462
SW,OF2,0.000893264231206,0.008750056469334
SW,OT2,0.000885070862451,0.008741426578532
SW,P2,0.000887752746333,0.008748318488093
SW,PT2,0.000884643086408,0.008748775588964
SW,S2,0.000886126190284,0.00874867256815
SW,V2,0.000891286116269,0.008748426588752
SW,GR,0.000293556282246,0.009138145144728
SW,EP,0.00088802090313,0.008762340055034
V1,A3,0.000690209479394,0.00525897516378
V1,AL3,0.000855243266537,0.007828747325325
V1,C3,0.0006484557175,0.005253181918611
V1,CO3,0.000642227930753,0.005262133560292
V1,CU3,0.000639717608831,0.005267257497676
V1,D3,0.000642298187916,0.005267758117576
V1,G3,0.000640710190123,0.005250358232955
V1,OG3,0.000641028519029,0.005264374718667
V1,OD3,0.000629482289653,0.005267276770968
V1,OF3,0.000647236061211,0.005262588858653
V1,OT3,0.000631445771078,0.005264000472671
V1,P3,0.000637144063647,0.005267827369048
V1,PT3,0.000641375865456,0.005268606015844
V1,S3,0.000640503907234,0.005266473290403
V1,V3,0.00081895938877,0.005414972469087
V1,SW,0.000473807407051,0.005411377784659
V1,A2,0.000637789381014,0.005269593855525
V1,AL2,0.000672270025271,0.005251746043592
V1,C2,0.000652747626537,0.005267530979782
V1,CO2,0.000632912227351,0.005267977584296
V1,CU2,0.000640895726479,0.005267642089546
V1,D2,0.000643464066363,0.005267069769644
V1,G2,0.00064297739461,0.005266898770713
V1,OG2,0.00063416764718,0.005269000060179
V1,OD2,0.00062448568431,0.005267333331538
V1,OF2,0.000597359602596,0.005258455849931
V1,OT2,0.000637322341746,0.00526525853326
V1,P2,0.000639486640129,0.005267123402016
V1,PT2,0.000640877142391,0.005267658203685
V1,S2,0.000625481236388,0.00526890139377
V1,V2,0.000648063842589,0.005273137864792
V1,GR,0.000486240713644,0.005380474994507
V1,EP,0.000640807100061,0.005261272907647
V2,GR,5.24495913472936E-05,0.000164472005397
V2,EP,4.7243062971288E-05,0.000152801118496
V3,SW,-0.001072879817037,0.005271819894338
V3,A2,-0.000720238734939,0.005299366447027
V3,AL2,-0.000767681693327,0.005300133067044
V3,C2,-0.000718520546736,0.00529955927203
V3,CO2,-0.000694712461802,0.005296494494975
V3,CU2,-0.000722535510502,0.005299118406007
V3,D2,-0.000722084679343,0.005299079030431
V3,G2,-0.000721698208565,0.005299295948707
V3,OG2,-0.000713146263116,0.00530240051956
V3,OD2,-0.000704560087265,0.005302042420518
V3,OF2,-0.000764371653681,0.005295750794385
V3,OT2,-0.000741082766135,0.005301426011247
V3,P2,-0.000721836871069,0.005299032324934
V3,PT2,-0.000722593790694,0.005299011781914
V3,S2,-0.000714364677023,0.0053032332076
V3,V2,-0.000713208989549,0.005298633291958
V3,GR,0.000162906608976,0.005180086285741
V3,EP,-0.000723565820896,0.005295389155312
